{"stats":{"minecraft:custom":{"minecraft:time_since_rest":6589,"minecraft:crouch_one_cm":527,"minecraft:play_time":6589,"minecraft:sprint_one_cm":25399,"minecraft:damage_taken":65,"minecraft:walk_one_cm":40646,"minecraft:sneak_time":181,"minecraft:walk_under_water_one_cm":275,"minecraft:mob_kills":5,"minecraft:jump":123,"minecraft:damage_dealt":360,"minecraft:leave_game":1,"minecraft:time_since_death":6589,"minecraft:walk_on_water_one_cm":957,"minecraft:total_world_time":6589,"minecraft:swim_one_cm":1188,"minecraft:interact_with_crafting_table":1,"minecraft:talked_to_villager":1,"minecraft:fall_one_cm":4755,"minecraft:fly_one_cm":30170},"minecraft:crafted":{"minecraft:wooden_sword":1,"minecraft:acacia_planks":48,"minecraft:stick":4},"minecraft:killed":{"minecraft:skeleton":1,"minecraft:sheep":4},"minecraft:mined":{"minecraft:grass":2,"minecraft:acacia_log":12},"minecraft:used":{"minecraft:wooden_sword":13},"minecraft:picked_up":{"minecraft:stick":2,"minecraft:arrow":1,"minecraft:wheat_seeds":6,"minecraft:acacia_log":12,"minecraft:acacia_sapling":1,"minecraft:mutton":8,"minecraft:white_wool":4,"minecraft:egg":1}},"DataVersion":3465}