{"stats":{"minecraft:custom":{"minecraft:open_chest":4,"minecraft:time_since_rest":17761,"minecraft:crouch_one_cm":18,"minecraft:play_time":17761,"minecraft:sprint_one_cm":37071,"minecraft:damage_taken":80,"minecraft:walk_one_cm":30888,"minecraft:sneak_time":1,"minecraft:walk_under_water_one_cm":2211,"minecraft:boat_one_cm":316755,"minecraft:jump":132,"minecraft:interact_with_brewingstand":1,"minecraft:damage_dealt":10,"minecraft:time_since_death":17761,"minecraft:walk_on_water_one_cm":16617,"minecraft:total_world_time":17761,"minecraft:talked_to_villager":5,"minecraft:fall_one_cm":6053,"minecraft:interact_with_crafting_table":1,"minecraft:fly_one_cm":1959},"minecraft:crafted":{"minecraft:oak_boat":1,"minecraft:oak_planks":24,"minecraft:crafting_table":1},"minecraft:mined":{"minecraft:oak_log":6,"minecraft:oak_leaves":1,"minecraft:crafting_table":1},"minecraft:used":{"minecraft:apple":1,"minecraft:crafting_table":1,"minecraft:oak_boat":1},"minecraft:picked_up":{"minecraft:crafting_table":1,"minecraft:apple":1,"minecraft:oak_log":6}},"DataVersion":3465}