{"stats":{"minecraft:custom":{"minecraft:jump":113,"minecraft:time_since_rest":5761,"minecraft:damage_taken":70,"minecraft:sprint_one_cm":21798,"minecraft:play_time":5761,"minecraft:walk_on_water_one_cm":15795,"minecraft:time_since_death":5761,"minecraft:walk_one_cm":8787,"minecraft:total_world_time":5761,"minecraft:walk_under_water_one_cm":2211,"minecraft:interact_with_crafting_table":1,"minecraft:fall_one_cm":5718,"minecraft:fly_one_cm":1731},"minecraft:crafted":{"minecraft:crafting_table":1,"minecraft:oak_boat":1,"minecraft:oak_planks":24},"minecraft:mined":{"minecraft:oak_log":6,"minecraft:oak_leaves":1},"minecraft:used":{"minecraft:crafting_table":1},"minecraft:picked_up":{"minecraft:oak_log":6}},"DataVersion":3465}