{"stats":{"minecraft:picked_up":{"minecraft:spruce_log":2,"minecraft:snowball":3},"minecraft:custom":{"minecraft:jump":50,"minecraft:time_since_rest":3696,"minecraft:damage_taken":10,"minecraft:leave_game":2,"minecraft:crouch_one_cm":116,"minecraft:time_since_death":3696,"minecraft:play_time":3696,"minecraft:sprint_one_cm":3832,"minecraft:walk_on_water_one_cm":6813,"minecraft:walk_one_cm":7385,"minecraft:sneak_time":23,"minecraft:total_world_time":3696,"minecraft:fly_one_cm":11844,"minecraft:fall_one_cm":602},"minecraft:used":{"minecraft:redstone_torch":6,"minecraft:ice":152,"minecraft:tnt":6},"minecraft:mined":{"minecraft:spruce_log":2}},"DataVersion":3465}